"Country","Year","Medical doctors (per 10 000 population)","Nursing and midwifery personnel (per 10 000 population)","Dentists (per 10 000 population)","Pharmacists  (per 10 000 population)"
"Afghanistan","2018","","4.461","0.237","0.289"
"Afghanistan","2017","","1.755","",""
"Afghanistan","2016","2.782","1.482","0.034","0.473"
"Afghanistan","2015","2.85","1.299","0.036","0.497"
"Afghanistan","2014","2.983","1.476","0.033","0.513"
"Afghanistan","2013","2.846","2.495","",""
"Afghanistan","2012","2.414","","","0.271"
"Afghanistan","2011","2.518","","","0.278"
"Afghanistan","2010","2.365","","","0.279"
"Afghanistan","2009","2.126","6.078","","0.298"
"Afghanistan","2008","1.744","4.971","0.138","0.299"
"Afghanistan","2007","1.743","4.956","0.115","0.306"
"Albania","2018","21.584","84.653","10.313","10.841"
"Albania","2016","12.164","36.495","",""
"Albania","2013","12.773","42.892","","8.406"
"Albania","2012","12.683","44.192","",""
"Albania","2011","12.217","41.761","","4.739"
"Albania","2010","12.347","40.183","","4.491"
"Albania","2009","12.297","41.894","","4.057"
"Albania","2008","","","","3.53"
"Albania","2007","11.951","42.011","","4.077"
"Algeria","2018","17.193","15.477","3.656","4.454"
"Algeria","2017","","22.228","3.446",""
"Algeria","2016","18.325","22.43","",""
"Algeria","2007","11.958","19.293","3.109","2.171"
"Andorra","2015","33.333","40.128","8.205","10.128"
"Andorra","2009","31.479","36.805","6.036","9.231"
"Andorra","2007","30.109","33.857","5.683","8.827"
"Angola","2018","","4.075","0.011",""
"Angola","2017","2.146","","",""
"Angola","2013","","0.012","",""
"Angola","2009","1.313","13.144","",""
"Antigua and Barbuda","2018","","45.171","",""
"Antigua and Barbuda","2017","27.673","44.969","",""
"Antigua and Barbuda","2016","","44.868","",""
"Antigua and Barbuda","2015","","45.085","",""
"Antigua and Barbuda","2014","","46.868","0.432",""
"Antigua and Barbuda","2013","","46.011","",""
"Antigua and Barbuda","2008","5.269","","",""
"Antigua and Barbuda","2007","17.143","32.976","","1.786"
"Argentina","2018","","","15.347",""
"Argentina","2017","39.901","25.996","",""
"Argentina","2016","40.013","25.821","",""
"Argentina","2015","39.9","","",""
"Argentina","2013","39.385","42.463","",""
"Armenia","2018","","43.683","",""
"Armenia","2017","44.023","48.516","5.562",""
"Armenia","2016","","45.213","",""
"Armenia","2015","29.143","49.535","3.692","0.489"
"Armenia","2014","28.928","51.552","3.907","0.515"
"Armenia","2013","29.031","52.009","4.193","0.511"
"Armenia","2012","28.968","52.888","4.473","0.433"
"Armenia","2011","28.677","52.988","4.509","0.421"
"Armenia","2010","28.419","52.396","4.369","0.427"
"Armenia","2009","27.679","51.799","4.311","0.381"
"Armenia","2008","27.432","51.981","4.117","0.365"
"Armenia","2007","26.724","51.419","3.441","0.372"
"Australia","2018","37.595","128.134","6.017","8.861"
"Australia","2017","36.778","145.413","5.947","8.809"
"Australia","2016","35.672","124.053","5.855","8.639"
"Australia","2015","34.886","122.016","5.784","8.474"
"Australia","2014","34.314","121.107","5.709","8.33"
"Australia","2013","33.53","119.398","5.611","8.234"
"Australia","2012","32.858","101.433","5.574","7.465"
"Australia","2011","32.878","108.124","5.352","6.754"
"Australia","2010","33.429","104.017","5.179","8.683"
"Australia","2009","31.085","107.496","5.266","10.712"
"Australia","2008","30.056","102.627","","8.954"
"Australia","2007","29.954","101.586","","8.701"
"Austria","2018","52.114","70.891","5.654","7.141"
"Austria","2017","51.697","70.899","5.679","7.082"
"Austria","2016","51.234","70.183","5.663","7.081"
"Austria","2015","51.035","70.138","5.653","7.033"
"Austria","2014","50.359","69.807","5.679","6.963"
"Austria","2013","49.744","68.74","5.672","6.917"
"Austria","2012","48.859","68.288","5.642","6.849"
"Austria","2011","48.398","68.065","5.611","6.743"
"Austria","2010","48.016","67.211","5.571","6.634"
"Austria","2009","47.06","66.734","5.517","6.512"
"Austria","2008","46.169","65.626","5.447","6.385"
"Austria","2007","45.528","64.122","5.401","6.331"
"Azerbaijan","2014","34.46","64.338","2.736","1.996"
"Azerbaijan","2013","34.558","72.63","2.613","2.079"
"Azerbaijan","2012","34.901","68.002","2.656","1.8"
"Azerbaijan","2011","34.376","69.594","2.625","1.812"
"Azerbaijan","2010","36.629","73.513","2.731","2.027"
"Azerbaijan","2009","36.751","81.077","2.753","1.851"
"Azerbaijan","2008","36.844","81.608","2.818","1.701"
"Azerbaijan","2007","37.124","82.338","2.891","1.844"
"Bahamas","2018","","45.669","",""
"Bahamas","2017","19.387","","2.594",""
"Bahamas","2011","23.081","40.545","2.336","5.617"
"Bahamas","2008","27.553","40.471","2.299","4.015"
"Bahrain","2015","9.257","24.944","0.977","1.618"
"Bahrain","2014","9.573","24.923","0.98","1.639"
"Bahrain","2013","9.536","25.042","1.019","1.475"
"Bahrain","2012","9.57","24.802","1.069","1.577"
"Bahrain","2011","9.451","24.973","0.994","1.51"
"Bahrain","2010","9.493","24.595","0.983","1.579"
"Bahrain","2009","9.695","25.23","0.996","1.569"
"Bahrain","2008","9.896","25.624","1.068","1.669"
"Bahrain","2007","10.155","","","1.738"
"Bangladesh","2018","5.809","4.123","0.595","1.805"
"Bangladesh","2017","5.433","3.163","0.511","1.609"
"Bangladesh","2016","4.974","2.639","0.444",""
"Bangladesh","2015","4.858","2.75","0.417","0.781"
"Bangladesh","2014","4.887","2.56","0.412","0.789"
"Bangladesh","2013","4.218","2.1","0.395",""
"Bangladesh","2012","4.001","2.067","0.319","0.614"
"Bangladesh","2011","3.839","1.932","0.323","0.615"
"Bangladesh","2010","3.635","1.83","0.294","0.825"
"Bangladesh","2009","3.544","1.714","0.263","0.572"
"Bangladesh","2008","3.42","1.623","0.234","0.554"
"Bangladesh","2007","3.293","1.625","0.144",""
"Barbados","2018","","30.6","",""
"Barbados","2017","24.878","","3.075",""
"Belarus","2018","","","6.228",""
"Belarus","2015","51.905","110.027","5.923","3.627"
"Belarus","2014","50.12","109.823","5.74","3.435"
"Belarus","2013","48.534","108.534","5.514","3.464"
"Belarus","2012","48.352","109.154","5.516","3.429"
"Belarus","2011","47.611","106.038","5.441","3.29"
"Belarus","2010","32.498","106.145","5.4","2.899"
"Belarus","2009","32.845","105.014","5.493","3.236"
"Belarus","2008","31.477","103.691","5.411","3.173"
"Belarus","2007","35.306","101.012","5.046","3.158"
"Belgium","2018","31.146","","7.502","12.437"
"Belgium","2017","30.709","","7.457","12.333"
"Belgium","2016","30.679","","7.467","12.221"
"Belgium","2015","30.138","118.08","7.345","12.086"
"Belgium","2014","29.723","111.914","7.226","12.038"
"Belgium","2013","29.585","109.082","7.141","11.906"
"Belgium","2012","29.393","106.26","7.099","11.751"
"Belgium","2011","29.219","103.901","7.061","11.663"
"Belgium","2010","29.085","100.931","7.016","11.545"
"Belgium","2009","29.078","98.818","7.049","11.464"
"Belgium","2008","29.021","97.552","7.109","11.691"
"Belgium","2007","28.855","96.536","7.176","11.503"
"Belize","2018","10.78","23.414","1.488",""
"Belize","2017","11.229","23.922","1.543","6.759"
"Belize","2016","","21.444","",""
"Belize","2015","","20.948","",""
"Belize","2014","5.659","20.232","",""
"Belize","2013","","19.555","",""
"Belize","2012","11.45","11.036","",""
"Belize","2010","","","0.372",""
"Belize","2009","7.658","18.112","0.381","3.559"
"Benin","2018","0.791","3.888","0.01","0.266"
"Benin","2017","","","0.065",""
"Benin","2016","0.481","7.596","0.008","0.012"
"Benin","2013","","5.82","",""
"Benin","2012","","6.802","",""
"Benin","2011","0.577","4.247","","0.016"
"Benin","2010","0.558","4.52","","0.017"
"Benin","2008","0.623","8.197","0.043","0.023"
"Bhutan","2018","4.242","18.518","0.795","0.57"
"Bhutan","2017","4.024","16.349","0.899","0.496"
"Bhutan","2016","4.059","15.325","","0.312"
"Bhutan","2015","3.448","14.7","","0.206"
"Bhutan","2014","3.393","13.308","","0.195"
"Bhutan","2013","2.858","11.25","","0.127"
"Bhutan","2012","2.765","10.49","","0.157"
"Bhutan","2008","2.546","9.917","","0.208"
"Bhutan","2007","2.166","8.197","0.105","0.15"
"Bolivia (Plurinational State of)","2017","10.299","15.589","1.799",""
"Bolivia (Plurinational State of)","2016","15.901","11.179","2.201","2.245"
"Bolivia (Plurinational State of)","2015","","11.914","",""
"Bolivia (Plurinational State of)","2013","","6.961","",""
"Bolivia (Plurinational State of)","2011","4.671","9.928","1.106","0.646"
"Bolivia (Plurinational State of)","2010","4.385","8.326","0.971","0.564"
"Bolivia (Plurinational State of)","2007","3.316","6.084","0.626","0.346"
"Bosnia and Herzegovina","2018","","57.333","",""
"Bosnia and Herzegovina","2017","","55.647","",""
"Bosnia and Herzegovina","2016","","54.726","",""
"Bosnia and Herzegovina","2015","21.616","61.798","2.4","1.292"
"Bosnia and Herzegovina","2014","21.326","61.319","2.369","1.266"
"Bosnia and Herzegovina","2013","20.355","59.005","2.284","1.211"
"Bosnia and Herzegovina","2012","19.49","58.921","2.427","1.171"
"Bosnia and Herzegovina","2011","18.794","56.085","2.207","1.071"
"Bosnia and Herzegovina","2010","17.987","54.867","2.151","1.001"
"Bosnia and Herzegovina","2009","17.38","53.096","1.82","0.974"
"Bosnia and Herzegovina","2008","16.714","51.898","1.795","0.964"
"Bosnia and Herzegovina","2007","16.429","50.221","1.988","0.97"
"Botswana","2018","2.893","54.567","0.532",""
"Botswana","2016","3.843","41.15","0.421",""
"Botswana","2013","","7.277","",""
"Botswana","2012","4.015","28.515","0.27",""
"Botswana","2011","4.064","28.858","0.273","2.134"
"Botswana","2010","4.122","29.269","0.277",""
"Botswana","2009","3.547","29.772","0.282","0.548"
"Botswana","2008","3.738","29.317","0.094","0.694"
"Botswana","2007","3.78","30.738","0.171",""
"Brazil","2018","","101.19","6.4",""
"Brazil","2017","21.652","97.37","12.454","6.831"
"Brazil","2016","","93.51","",""
"Brazil","2015","","91.081","",""
"Brazil","2014","","87.88","",""
"Brazil","2013","18.82","75.635","",""
"Brazil","2011","18.491","","",""
"Brazil","2010","18.139","","11.395","5.496"
"Brazil","2009","18.171","","11.935",""
"Brazil","2008","17.802","","11.828","5.421"
"Brazil","2007","17.306","","11.562","5.475"
"Brunei Darussalam","2018","","58.974","",""
"Brunei Darussalam","2017","16.09","60.989","",""
"Brunei Darussalam","2016","","64.721","",""
"Brunei Darussalam","2015","17.812","66.426","2.266","1.711"
"Brunei Darussalam","2014","15.105","62.958","",""
"Brunei Darussalam","2013","16.222","75.321","",""
"Brunei Darussalam","2012","14.937","83.033","2.356","1.278"
"Brunei Darussalam","2011","15.443","79.705","2.413","1.219"
"Brunei Darussalam","2010","14.488","74.807","2.213","1.107"
"Brunei Darussalam","2009","11.592","51.211","1.875","1.094"
"Brunei Darussalam","2008","14.866","51.16","2.161","1.186"
"Brunei Darussalam","2007","10.48","51.067","2.16","1.12"
"Bulgaria","2018","42.071","47.853","10.267",""
"Bulgaria","2017","","43.585","",""
"Bulgaria","2016","","43.314","",""
"Bulgaria","2015","40.332","48.156","10.482","8.364"
"Bulgaria","2014","39.75","48.554","9.736","7.875"
"Bulgaria","2013","39.63","49.013","10.004",""
"Bulgaria","2012","38.995","48.2","9.204",""
"Bulgaria","2011","38.467","47.27","9.056",""
"Bulgaria","2010","37.661","47.182","8.605",""
"Bulgaria","2009","37.401","47.167","8.736",""
"Bulgaria","2008","36.488","47.381","8.392",""
"Bulgaria","2007","36.8","47.046","8.527",""
"Burkina Faso","2018","0.853","","0.046","0.121"
"Burkina Faso","2017","0.847","8.829","0.042","0.148"
"Burkina Faso","2016","0.645","6.586","","0.126"
"Burkina Faso","2015","0.657","6.698","","0.142"
"Burkina Faso","2014","0.487","4.607","","0.123"
"Burkina Faso","2013","0.47","4.561","","0.121"
"Burkina Faso","2012","0.475","6.312","0.023","0.123"
"Burkina Faso","2011","0.386","4.564","","0.139"
"Burkina Faso","2010","0.457","5.54","0.021","0.118"
"Burkina Faso","2009","0.446","4.045","","0.106"
"Burkina Faso","2008","0.322","3.705","","0.053"
"Burundi","2017","1.001","8.526","",""
"Burundi","2015","0.5","6.66","",""
"Burundi","2014","0.619","6.951","",""
"Burundi","2013","0.581","6.926","0.004",""
"Burundi","2012","0.539","7.032","","0.004"
"Burundi","2011","0.399","6.667","0.002","0.026"
"Burundi","2010","0.482","6.885","0.002","0.027"
"Cabo Verde","2018","","12.983","",""
"Cabo Verde","2017","","12.8","",""
"Cabo Verde","2016","","11.523","0.075","0.075"
"Cabo Verde","2015","7.814","9.491","",""
"Cabo Verde","2014","","9.184","",""
"Cabo Verde","2013","6.019","7.876","",""
"Cabo Verde","2012","5.146","10.907","",""
"Cabo Verde","2011","5.853","10.884","0.06","0.06"
"Cabo Verde","2010","5.928","11.023","0.081","0.081"
"Cabo Verde","2009","5.157","10.191","0.062","0.062"
"Cabo Verde","2008","","","0.062","0.042"
"Cabo Verde","2007","","","0.063","0.042"
"Cambodia","2018","","6.855","0.852",""
"Cambodia","2017","","7.007","",""
"Cambodia","2016","","7.195","",""
"Cambodia","2015","","5.889","",""
"Cambodia","2014","1.927","9.622","0.165","0.344"
"Cambodia","2013","","12.942","0.159","0.349"
"Cambodia","2012","1.651","9.23","0.151","0.329"
"Cambodia","2011","2.263","8.733","0.201","0.4"
"Cambodia","2010","2.302","8.56","0.169","0.383"
"Cambodia","2009","2.378","8.544","0.174","0.388"
"Cambodia","2008","2.444","8.453","0.186","0.41"
"Cameroon","2016","","","0.037","0.083"
"Cameroon","2013","","0.058","",""
"Cameroon","2011","0.881","9.164","0.028","0.077"
"Cameroon","2010","0.842","5.267","0.029","0.021"
"Cameroon","2009","0.68","3.853","0.016","0.014"
"Cameroon","2007","0.704","4.392","0.021","0.02"
"Canada","2018","24.251","99.874","6.671","10.328"
"Canada","2017","","99.491","",""
"Canada","2016","","99.194","",""
"Canada","2015","","98.188","",""
"Canada","2014","","97.475","",""
"Canada","2013","","94.788","",""
"Central African Republic","2018","","","0.024",""
"Central African Republic","2015","0.721","2.063","","0.045"
"Central African Republic","2013","","1.156","",""
"Central African Republic","2009","0.473","2.529","0.009","0.023"
"Central African Republic","2008","0.405","1.954","0.012","0.019"
"Chad","2017","0.434","2.322","","0.047"
"Chad","2016","0.371","2.133","",""
"Chad","2015","0.493","2.525","","0.056"
"Chad","2014","0.445","2.639","","0.057"
"Chad","2013","0.433","3.383","","0.054"
"Chad","2012","0.413","2.782","","0.053"
"Chile","2018","51.824","133.248","12.549","5.263"
"Chile","2017","48.822","121.372","11.856","4.942"
"Chile","2016","45.875","112.447","10.5","4.7"
"Chile","2015","42.94","109.776","10.043","4.433"
"Chile","2014","40.556","92.305","9.077","4.125"
"Chile","2013","37.612","","8.188","3.451"
"Chile","2012","34.942","18.485","7.067","2.995"
"Chile","2011","31.709","15.375","5.94","2.687"
"Chile","2010","28.665","12.67","5.608","2.636"
"Chile","2009","10.294","","0.009",""
"Chile","2008","10.389","","0.008",""
"Chile","2007","10.365","","0.008",""
"China","2017","19.798","26.621","4.458","3.17"
"China","2016","18.647","24.665","",""
"China","2015","17.732","22.914","","2.992"
"China","2014","16.877","21.349","","2.911"
"China","2013","16.332","19.886","","2.826"
"China","2012","15.367","","","2.712"
"China","2011","14.596","","0.86","2.63"
"China","2010","14.334","","","2.571"
"China","2009","13.922","","","2.498"
"China","2008","13.166","","","2.429"
"China","2007","12.676","","","2.403"
"Colombia","2018","38.441","68.73","",""
"Colombia","2017","37.157","","10.1",""
"Colombia","2016","35.929","","",""
"Colombia","2015","34.971","","9.743",""
"Colombia","2014","34.065","","",""
"Colombia","2013","32.782","","",""
"Colombia","2012","31.599","","",""
"Colombia","2011","30.548","","",""
"Colombia","2010","16.493","","9.919",""
"Colombia","2009","15.999","","9.682",""
"Colombia","2008","15.45","","9.447",""
"Colombia","2007","14.94","","9.217",""
"Comoros","2018","","","0.396",""
"Comoros","2016","","6.285","",""
"Comoros","2013","","3.978","",""
"Comoros","2012","1.699","9.214","0.249","0.221"
"Comoros","2009","1.901","7.025","0.312","0.267"
"Congo","2016","1.064","9.311","0.054","0.147"
"Congo","2015","","7.932","",""
"Congo","2014","","7.3","",""
"Congo","2013","","9.888","",""
"Congo","2011","","17.898","0.303","0.569"
"Congo","2010","1.156","4.369","",""
"Congo","2007","1.035","9.009","","0.098"
"Cook Islands","2018","","67.429","",""
"Cook Islands","2017","","61.143","",""
"Cook Islands","2016","","70.286","",""
"Cook Islands","2015","","68.182","",""
"Cook Islands","2014","14.124","65.537","12.429","0.565"
"Cook Islands","2013","","60.674","",""
"Cook Islands","2009","12.903","62.366","2.151","0.538"
"Costa Rica","2018","28.939","34.144","",""
"Costa Rica","2017","13.386","31.798","",""
"Costa Rica","2016","13.759","30.053","1.4","7.295"
"Costa Rica","2015","13.794","26.577","1.45","7.257"
"Costa Rica","2014","26.434","23.94","",""
"Costa Rica","2013","25.421","21.666","1.263",""
"Costa Rica","2012","24.578","","",""
"Costa Rica","2011","23.721","","","8.157"
"Costa Rica","2010","23.057","","",""
"Costa Rica","2009","22.178","","",""
"Costa Rica","2008","21.577","","",""
"Costa Rica","2007","20.905","","",""
"Côte d'Ivoire","2018","1.614","6.048","0.137","0.371"
"Côte d'Ivoire","2017","","5.558","",""
"Côte d'Ivoire","2016","","5.093","",""
"Côte d'Ivoire","2015","","4.689","",""
"Côte d'Ivoire","2014","2.314","6.256","0.216","1.073"
"Côte d'Ivoire","2013","","5.719","",""
"Côte d'Ivoire","2011","1.531","4.619","",""
"Côte d'Ivoire","2008","1.401","4.708","0.14","0.211"
"Croatia","2016","29.996","81.224","",""
"Croatia","2015","31.728","61.92","7.907","7.187"
"Croatia","2014","31.258","61.417","7.818","7.106"
"Croatia","2013","30.178","61.762","7.541","6.973"
"Croatia","2012","29.731","60.216","7.503","6.993"
"Croatia","2011","28.958","59.087","7.331","6.891"
"Croatia","2010","28.428","57.761","7.296","6.587"
"Croatia","2009","27.211","55.746","7.585","6.157"
"Croatia","2008","27.113","56.826","7.559","6.065"
"Croatia","2007","27.047","54.676","7.484","5.976"
"Cuba","2018","84.199","75.614","16.699",""
"Cuba","2017","82.95","77.286","16.812",""
"Cuba","2016","79.541","78.581","",""
"Cuba","2015","77.69","101.706","",""
"Cuba","2014","75.673","160.564","14.708",""
"Cuba","2013","74.183","80.977","13.515",""
"Cuba","2012","72.901","81.843","12.435",""
"Cuba","2011","69.969","","11.385",""
"Cuba","2010","68.152","91.765","10.818",""
"Cuba","2009","66.698","","10.308",""
"Cuba","2008","66.345","","9.997",""
"Cuba","2007","64.363","86.925","9.676",""
"Cyprus","2018","","","8.038",""
"Cyprus","2016","19.509","52.512","",""
"Cyprus","2015","26.236","40.345","7.545","6.46"
"Cyprus","2014","24.993","39.13","7.281","1.632"
"Cyprus","2013","24.076","38.648","7.247","1.635"
"Cyprus","2012","22.96","36.176","7.189","1.718"
"Cyprus","2011","22.484","36.878","6.961","1.689"
"Cyprus","2010","21.562","35.466","6.939","1.627"
"Cyprus","2009","21.064","34.651","6.894","1.63"
"Cyprus","2008","20.507","32.997","6.869","1.553"
"Cyprus","2007","20.147","33.75","6.797","1.579"
"Czechia","2018","40.24","84.246","7.354","6.888"
"Czechia","2017","40.676","","7.444","6.868"
"Czechia","2016","40.194","","7.491","6.754"
"Czechia","2015","39.516","83.71","7.981","6.57"
"Czechia","2014","39.345","82.883","7.465","6.349"
"Czechia","2013","36.628","83.526","7.015","6.029"
"Czechia","2012","36.502","84.264","7.051","5.979"
"Czechia","2011","36.125","84.046","7.031","5.888"
"Czechia","2010","35.743","84.689","6.893","5.752"
"Czechia","2009","35.612","84.737","6.762","5.64"
"Czechia","2008","35.415","83.518","6.689","5.622"
"Czechia","2007","42.612","83.986","6.708","5.585"
"Democratic People's Republic of Korea","2017","36.834","44.489","2.2","3.969"
"Democratic People's Republic of Korea","2016","37.011","","","3.989"
"Democratic People's Republic of Korea","2014","35.055","","","3.753"
"Democratic People's Republic of Korea","2012","34.463","","1.861","3.716"
"Democratic People's Republic of Korea","2008","32.88","41.451","1.775","3.547"
"Democratic Republic of the Congo","2018","","11.101","",""
"Democratic Republic of the Congo","2017","","8.974","",""
"Democratic Republic of the Congo","2016","","0.228","0.019","0.051"
"Democratic Republic of the Congo","2015","","9.479","",""
"Democratic Republic of the Congo","2013","0.899","8.6","","0.04"
"Democratic Republic of the Congo","2009","0.934","4.097","0.007","0.045"
"Denmark","2018","42.247","105.515","7.236","5.441"
"Denmark","2017","41.324","104.389","7.224","5.343"
"Denmark","2016","40.099","103.195","7.436","5.216"
"Denmark","2015","39.257","102.414","7.596","5.152"
"Denmark","2014","38.632","102.216","7.666","5.083"
"Denmark","2013","38.335","102.323","7.791","5.053"
"Denmark","2012","38.243","102.296","7.938","4.969"
"Denmark","2011","37.808","101.437","8.003","4.816"
"Denmark","2010","37.211","100.978","8.18","4.731"
"Denmark","2009","36.488","100.744","8.061","4.544"
"Denmark","2008","35.768","98.167","8.209","4.52"
"Denmark","2007","34.527","95.406","8.388","4.561"
"Djibouti","2014","2.237","7.288","0.211","2.337"
"Djibouti","2008","","","","3.258"
"Dominica","2018","11.034","","1.117",""
"Dominica","2017","11.189","60.979","0.699",""
"Dominica","2016","","66.9","",""
"Dominica","2015","","66.994","",""
"Dominica","2014","","67.651","",""
"Dominica","2013","","66.056","",""
"Dominican Republic","2018","14.1","13.731","2.199",""
"Dominican Republic","2017","","11.697","2.151",""
"Dominican Republic","2016","","12.069","",""
"Dominican Republic","2015","","14.547","",""
"Dominican Republic","2014","","14.497","",""
"Dominican Republic","2013","","14.353","",""
"Dominican Republic","2011","15.268","13.629","1.946",""
"Dominican Republic","2009","","13.247","1.864",""
"Dominican Republic","2008","10.98","","1.274",""
"Ecuador","2018","","25.059","",""
"Ecuador","2017","22.2","28.265","3",""
"Ecuador","2016","20.368","28.54","3.179",""
"Ecuador","2015","20.648","25.124","5.283","0.415"
"Ecuador","2014","","21.932","",""
"Ecuador","2013","","19.461","",""
"Ecuador","2011","16.582","20.753","2.744","0.531"
"Ecuador","2010","21.111","16.594","",""
"Ecuador","2009","15.983","18.792","2.276","0.449"
"Egypt","2018","7.69","19.262","2.006","4.573"
"Egypt","2017","7.993","19.271","1.982","4.362"
"Egypt","2016","8.214","19.252","1.858","4.04"
"Egypt","2015","8.217","19.412","1.826","3.956"
"Egypt","2014","7.876","19.549","1.617","3.263"
"Egypt","2013","","19.744","",""
"El Salvador","2018","28.699","18.344","8.7",""
"El Salvador","2017","","18.375","","6.545"
"El Salvador","2016","15.662","18.039","1.429",""
"El Salvador","2015","","17.582","",""
"El Salvador","2014","","17.591","",""
"El Salvador","2013","","17.749","",""
"El Salvador","2008","18.823","","7.614","3.777"
"El Salvador","2007","","13.676","",""
"Equatorial Guinea","2017","4.017","5.024","",""
"Eritrea","2018","","14.397","",""
"Eritrea","2017","","13.267","",""
"Eritrea","2016","","14.393","",""
"Eritrea","2015","","11.852","",""
"Eritrea","2014","","12.478","",""
"Eritrea","2013","","12.988","",""
"Estonia","2018","","66.316","9.653","7.219"
"Estonia","2017","34.629","65.272","9.588","7.246"
"Estonia","2016","34.546","64.33","9.548","7.315"
"Estonia","2015","34.152","63.522","9.42","7.207"
"Estonia","2014","33.564","60.723","9.291","6.708"
"Estonia","2013","33.318","59.579","9.021","6.58"
"Estonia","2012","32.822","64.578","9.039","6.401"
"Estonia","2011","32.929","65.256","8.88","6.266"
"Estonia","2010","32.422","63.989","8.993","6.321"
"Estonia","2009","32.767","64.404","8.951","6.414"
"Estonia","2008","33.348","67.002","9.231","6.432"
"Estonia","2007","32.508","66.838","8.659","6.487"
"Eswatini","2018","","41.415","",""
"Eswatini","2017","","39.394","",""
"Eswatini","2016","0.961","37.702","",""
"Eswatini","2015","","36.014","",""
"Eswatini","2014","","35.132","",""
"Eswatini","2013","","34.367","",""
"Eswatini","2011","1.017","","0.429","0.28"
"Eswatini","2009","1.636","","0.123","0.189"
"Ethiopia","2018","0.769","7.135","0.16","0.358"
"Ethiopia","2017","","8.286","",""
"Ethiopia","2009","0.252","2.521","","0.074"
"Ethiopia","2008","0.251","2.022","","0.05"
"Ethiopia","2007","0.224","2.249","","0.022"
"Fiji","2018","","33.752","",""
"Fiji","2015","8.6","30.175","0.737","1.094"
"Fiji","2013","8.156","29.032","",""
"Fiji","2009","4.358","22.926","2.003","0.89"
"Fiji","2008","3.986","21.102","",""
"Finland","2018","46.404","13.055","8.148","19.245"
"Finland","2017","45.885","148.773","10.589","18.941"
"Finland","2016","45.343","145.677","10.543","18.631"
"Finland","2015","33.309","141.182","10.445","18.505"
"Finland","2014","33.922","187.051","7.302","10.878"
"Finland","2013","32.966","189.836","7.259","11.068"
"Finland","2012","32.854","195.152","7.404","11.559"
"Finland","2011","32.635","196.063","7.776","11.126"
"Finland","2010","32.653","193.664","7.891","11.078"
"Finland","2009","30.861","184.576","7.431","10.941"
"Finland","2008","30.618","178.562","7.533","10.986"
"Finland","2007","30.351","183.081","7.805","10.693"
"France","2018","65.344","114.707","6.668","10.639"
"France","2017","65.131","111.62","6.657","10.695"
"France","2016","64.752","108.898","6.653","10.828"
"France","2015","64.477","105.952","6.61","10.899"
"France","2014","64.23","102.792","6.586","10.926"
"France","2013","63.897","99.817","6.587","10.905"
"France","2012","63.49","96.88","6.567","10.937"
"France","2011","63.244","92.86","6.565","10.871"
"France","2010","65.029","90.124","6.862","11.657"
"France","2009","64.945","87.688","6.894","12.061"
"France","2008","65.837","84.741","6.962","11.97"
"France","2007","65.901","81.853","7.047","11.877"
"Gabon","2017","6.819","29.46","0.179","0.586"
"Gabon","2016","3.561","25.444","0.045","0.229"
"Gabon","2008","0.968","","0.198",""
"Gambia","2017","1.138","6.997","",""
"Gambia","2015","1.021","15.447","0.081","0.024"
"Gambia","2012","","12.525","",""
"Gambia","2008","1.036","8.353","0.071","0.077"
"Gambia","2007","0.97","7.702","0.067","0.079"
"Georgia","2018","71.201","47.293","7.619","0.987"
"Georgia","2017","61.297","48.564","6.162","1.237"
"Georgia","2016","59.973","40.002","6.39","1.078"
"Georgia","2015","50.055","40.174","6.135","0.783"
"Georgia","2014","47.754","38.203","5.333","0.763"
"Georgia","2013","45.145","37.837","4.979","0.847"
"Georgia","2012","44.868","37.221","4.943","0.75"
"Georgia","2011","45.004","39.363","4.271","0.818"
"Georgia","2010","44.466","39.499","3.067","0.861"
"Georgia","2009","42.219","38.959","2.631","0.835"
"Georgia","2008","40.001","39.374","2.817","0.765"
"Georgia","2007","39.027","39.067","2.877","0.794"
"Germany","2018","42.996","134.858","8.553","6.556"
"Germany","2017","42.488","131.142","8.564","6.47"
"Germany","2016","41.944","128.599","8.577","6.379"
"Germany","2015","41.342","129.115","8.555","6.427"
"Germany","2014","40.846","127.562","8.498","6.385"
"Germany","2013","40.087","143.395","8.418","6.336"
"Germany","2012","39.197","139.183","8.375","6.231"
"Germany","2011","38.491","137.9","8.283","6.265"
"Germany","2010","37.567","136.093","8.218","6.261"
"Germany","2009","36.638","134.734","8.124","6.167"
"Germany","2008","35.863","131.005","8.011","6.156"
"Germany","2007","35.287","128.448","7.919","6.094"
"Ghana","2018","0.96","45.524","",""
"Ghana","2017","0.92","23.406","","0.247"
"Ghana","2016","1.27","21.16","0.14","0.2"
"Ghana","2015","1.172","20.017","",""
"Ghana","2014","1.108","13.739","",""
"Ghana","2013","1.026","","",""
"Ghana","2012","0.956","","",""
"Ghana","2011","0.979","","",""
"Ghana","2010","0.938","10.608","",""
"Ghana","2009","0.841","11.92","",""
"Ghana","2008","0.787","9.69","0.019","0.232"
"Ghana","2007","0.725","","0.013","0.452"
"Greece","2018","62.262","37.019","12.64","10.357"
"Greece","2017","61.725","36.331","12.547","10.645"
"Greece","2016","62.149","35.534","12.459","10.645"
"Greece","2015","59.914","49.059","12.478","10.6"
"Greece","2014","59.717","49.75","12.845","10.82"
"Greece","2013","59.342","51.126","12.952","10.671"
"Greece","2012","59.213","52.146","13.179","10.385"
"Greece","2011","59.234","54.437","13.406","10.372"
"Greece","2010","58.812","54.107","13.466","10.25"
"Greece","2009","58.695","52.086","13.481","9.844"
"Greece","2008","57.285","50.386","13.305","9.597"
"Greece","2007","55.94","49.388","12.975","8.814"
"Grenada","2018","14.363","62.837","1.975",""
"Grenada","2017","14.067","30.568","1.533",""
"Grenada","2016","","","","6.8"
"Guatemala","2018","3.549","12.829","0.104","0.039"
"Guatemala","2017","2.8","12.025","0.1",""
"Guatemala","2016","","10.054","",""
"Guatemala","2015","","9.646","",""
"Guatemala","2014","","9.435","",""
"Guatemala","2009","9.039","8.698","",""
"Guatemala","2007","","","1.734",""
"Guinea","2016","0.832","1.238","0.043","0.091"
"Guinea","2015","0.855","4.168","","0.124"
"Guinea-Bissau","2018","","6.851","0.037",""
"Guinea-Bissau","2016","1.274","5.936","","0.028"
"Guinea-Bissau","2015","2.038","5.549","",""
"Guinea-Bissau","2014","","5.229","",""
"Guinea-Bissau","2013","","5.339","",""
"Guinea-Bissau","2011","0.64","5.624","",""
"Guinea-Bissau","2009","0.836","7.022","0.047","0.061"
"Guinea-Bissau","2008","0.539","6.586","0.014","0.076"
"Guyana","2018","18.19","10.398","1.194","0.09"
"Guyana","2017","","7.869","",""
"Guyana","2016","","7.324","",""
"Guyana","2015","","6.972","",""
"Guyana","2014","","6.275","",""
"Guyana","2013","","7.164","",""
"Guyana","2010","6.872","10.061","",""
"Guyana","2009","2.153","13.227","0.388","0.201"
"Haiti","2018","2.343","3.977","0.213","0.302"
"Haiti","2015","0.852","2.822","0.058",""
"Haiti","2013","2.3","","0.1",""
"Haiti","2011","1.378","11.863","0.05","0.084"
"Honduras","2018","","7.287","",""
"Honduras","2017","3.089","7.305","0.327",""
"Honduras","2016","5.982","7.324","",""
"Honduras","2015","","6.626","",""
"Honduras","2014","","6.767","",""
"Honduras","2013","","6.985","",""
"Honduras","2010","2.95","8.598","",""
"Honduras","2008","","","0.296",""
"Hungary","2018","34.075","71.669","7.077","8.078"
"Hungary","2017","33.447","68.037","6.772","7.767"
"Hungary","2016","32.313","66.427","6.237","7.539"
"Hungary","2015","31.178","82.345","6.071","7.199"
"Hungary","2014","33.443","81.225","6.326","7.745"
"Hungary","2013","32.284","81.905","6.064","7.651"
"Hungary","2012","31.062","80.109","5.686","5.761"
"Hungary","2011","29.811","77.47","5.291","5.802"
"Hungary","2010","28.896","79.226","5.295","5.864"
"Hungary","2009","30.399","79.266","4.94","5.754"
"Hungary","2008","31.049","78.76","5.068","5.778"
"Hungary","2007","28.121","76.479","4.003","5.47"
"Iceland","2018","40.778","166.914","8.583","5.405"
"Iceland","2017","39.773","157.087","8.343","5.114"
"Iceland","2016","38.892","151.565","8.368","4.997"
"Iceland","2015","37.826","224.379","8.419","4.846"
"Iceland","2014","36.306","221.424","8.338","4.656"
"Iceland","2013","35.697","221.424","8.313","4.676"
"Iceland","2012","35.074","217.23","8.292","4.576"
"Iceland","2011","34.56","215.425","8.748","4.853"
"Iceland","2010","35.654","213.768","9.335","4.839"
"Iceland","2009","36.761","231.129","9.301","5.157"
"Iceland","2008","37.182","224.284","9.682","5.275"
"Iceland","2007","36.894","204.391","9.633","5.242"
"India","2018","6.857","17.271","1.611","8.868"
"India","2017","7.779","21.079","1.877","6.787"
"India","2016","7.59","","1.493","5.599"
"India","2015","7.329","","",""
"India","2014","7.247","","1.192",""
"India","2013","7.17","","","5.185"
"India","2012","6.982","","0.955","4.983"
"India","2011","7.376","","0.942","5.257"
"India","2010","6.858","","","5.316"
"India","2009","6.518","","0.859","5.385"
"India","2008","6.342","","0.777",""
"India","2007","6.182","","0.617",""
"Indonesia","2018","4.269","","0.574","0.852"
"Indonesia","2017","3.767","20.532","0.546","1.732"
"Indonesia","2015","2.738","12.99","0.493","1.174"
"Indonesia","2013","3.121","","",""
"Indonesia","2012","2.007","","0.425",""
"Indonesia","2010","2.43","","0.361",""
"Indonesia","2009","2.635","","0.228","0.084"
"Iran (Islamic Republic of)","2018","15.844","20.766","4.474","2.934"
"Iran (Islamic Republic of)","2017","11.292","26.286","3.268","2.357"
"Iran (Islamic Republic of)","2015","11.526","18.907","3.336","2.022"
"Iran (Islamic Republic of)","2014","15.044","15.641","3.586","2.291"
"Iran (Islamic Republic of)","2011","","19.971","",""
"Iraq","2018","7.079","20.448","","3.266"
"Iraq","2017","8.375","18.126","2.536","2.913"
"Iraq","2016","8.536","17.152","2.439","2.642"
"Iraq","2015","","16.498","",""
"Iraq","2014","10.364","18.776","2.293","2.502"
"Iraq","2013","","20.85","",""
"Iraq","2010","6.636","","1.614","1.908"
"Ireland","2018","33.125","130.118","6.676","12.555"
"Ireland","2017","32.946","145.415","6.549","11.624"
"Ireland","2016","32.323","117.073","6.28","11.472"
"Ireland","2015","31.524","124.774","6.079","11.158"
"Ireland","2014","30.321","122.598","5.961","11.755"
"Ireland","2013","39.347","125.775","5.739","11.366"
"Ireland","2012","39.423","129.606","5.774","10.859"
"Ireland","2011","40.938","133.65","5.809","10.435"
"Ireland","2010","41.326","134.653","5.975","10.028"
"Ireland","2009","40.388","130.434","6.012","9.903"
"Ireland","2008","40.144","137.798","6.146","10.111"
"Ireland","2007","38.986","138.683","5.866","10.339"
"Israel","2018","69.443","55.83","8.113","9.187"
"Israel","2017","67.966","56.214","7.278","8.006"
"Israel","2016","67.14","55.055","8.056","7.563"
"Israel","2015","66.872","59.576","8.314","7.812"
"Israel","2014","65.855","59.075","8.021","7.385"
"Israel","2013","65.539","58.643","6.981","7.585"
"Israel","2012","65.927","58.316","7.048","7.836"
"Israel","2011","68.968","58.637","7.836","7.747"
"Israel","2010","69.675","58.028","8.667","7.804"
"Israel","2009","71.406","59.231","8.484","7"
"Israel","2008","71.245","61.774","8.357","6.599"
"Israel","2007","70.662","65.566","8.325","6.28"
"Italy","2018","79.272","59.998","8.297","11.868"
"Italy","2017","79.61","60.605","8.167","11.691"
"Italy","2016","79.008","58.359","8.005","11.551"
"Italy","2015","76.959","57.152","7.858","11.545"
"Italy","2014","78.097","55.676","7.881","11.633"
"Italy","2013","78.089","53.357","7.818","11.381"
"Italy","2012","77.028","53.825","",""
"Italy","2011","77.692","54.829","",""
"Italy","2010","76.32","55.16","",""
"Italy","2009","75.796","55.396","5.259","8.986"
"Italy","2008","75.612","55.295","4.848","10.112"
"Italy","2007","75.503","55.091","5.714","9.375"
"Jamaica","2018","","9.425","",""
"Jamaica","2017","","14.674","0.897",""
"Jamaica","2016","4.549","16.066","0.155","0.217"
"Jamaica","2015","4.147","14.507","0.128","0.284"
"Jamaica","2014","3.798","14.271","0.125","0.25"
"Jamaica","2013","4.677","14.349","0.122","0.259"
"Jamaica","2012","3.54","15.119","0.123","0.246"
"Jamaica","2008","3.965","10.532","0.165","0.345"
"Japan","2018","24.796","126.978","8.004","18.897"
"Japan","2016","24.115","119.502","7.951","18.017"
"Japan","2014","23.413","115.129","7.88","16.859"
"Japan","2012","22.74","106.891","7.762","16.019"
"Japan","2010","22.059","102.738","7.681","15.374"
"Japan","2008","21.394","97.394","7.522","14.474"
"Jordan","2018","","28.212","7.132",""
"Jordan","2017","23.237","33.598","7.263","16.011"
"Jordan","2016","","","7.026","15.34"
"Jordan","2015","28.078","","7.345","13.032"
"Jordan","2014","22.038","34.352","7.715","13.696"
"Jordan","2013","21.947","34.346","7.987","13.662"
"Jordan","2012","","","","17.108"
"Jordan","2010","22.326","35.338","7.837","12.602"
"Jordan","2009","21.287","34.992","6.358","12.199"
"Jordan","2008","22.231","29.568","7.769","11.767"
"Jordan","2007","24.426","30.176","7.819","12.928"
"Kazakhstan","2015","","72.936","2.896","8.139"
"Kazakhstan","2014","39.8","72.002","3.716","8.185"
"Kazakhstan","2013","39.508","80.253","3.762","8.122"
"Kazakhstan","2012","39.108","80.644","4.131","8.083"
"Kazakhstan","2011","39.483","79.204","3.961","8.009"
"Kazakhstan","2010","39.278","77.215","4.096","6.931"
"Kazakhstan","2009","37.808","76.328","3.547","7.623"
"Kazakhstan","2008","37.161","71.01","3.553","8.117"
"Kazakhstan","2007","36.547","73.84","3.641","8.057"
"Kenya","2018","1.565","11.656","0.164","0.188"
"Kenya","2017","","10.587","",""
"Kenya","2016","","10.362","",""
"Kenya","2015","","8.65","",""
"Kenya","2014","1.959","9.274","0.233","0.504"
"Kenya","2013","1.907","8.851","0.23","0.484"
"Kenya","2012","1.825","13.93","0.222","0.468"
"Kenya","2011","1.748","13.925","0.215",""
"Kenya","2010","1.696","7.061","0.214","0.737"
"Kenya","2009","1.686","3.899","0.245","0.714"
"Kenya","2008","1.664","3.537","0.245","0.719"
"Kiribati","2018","","38.256","",""
"Kiribati","2016","","","0.711","0.267"
"Kiribati","2013","2.039","57.461","0.649","0.278"
"Kiribati","2011","1.433","39.351","0.287","0.382"
"Kiribati","2010","3.984","39.261","0.389","0.389"
"Kiribati","2008","2.53","36.538","1.822",""
"Kuwait","2018","","74.145","",""
"Kuwait","2017","","73.489","",""
"Kuwait","2016","","70.899","",""
"Kuwait","2015","26.463","71.514","6.745",""
"Kuwait","2014","26.522","66.61","6.148","4.915"
"Kuwait","2013","25.332","62.055","6.233",""
"Kuwait","2012","24.662","64.206","6.121",""
"Kuwait","2011","24.56","65.011","5.795",""
"Kuwait","2010","24.296","65.293","5.461",""
"Kuwait","2009","18.929","48.047","3.736","3.148"
"Kuwait","2008","18.806","46.762","3.618","3.027"
"Kuwait","2007","18.814","43.259","3.395","2.963"
"Kyrgyzstan","2018","","","1.85",""
"Kyrgyzstan","2014","22.13","59.446","1.651","0.414"
"Kyrgyzstan","2013","22.614","59.737","1.712","0.553"
"Kyrgyzstan","2012","22.623","59.339","1.731","0.502"
"Kyrgyzstan","2011","22.86","58.392","1.731","0.326"
"Kyrgyzstan","2010","23.394","56.459","1.885","0.312"
"Kyrgyzstan","2009","23.409","56.802","1.944","0.296"
"Kyrgyzstan","2008","23.528","57.05","1.905","0.244"
"Kyrgyzstan","2007","23.58","58.821","1.969","0.166"
"Lao People's Democratic Republic","2018","","11.878","0.622",""
"Lao People's Democratic Republic","2017","3.726","12.106","0.71","2.461"
"Lao People's Democratic Republic","2016","","12.63","",""
"Lao People's Democratic Republic","2015","","12.206","",""
"Lao People's Democratic Republic","2014","4.949","12.787","0.514","1.922"
"Lao People's Democratic Republic","2013","4.493","9.584","",""
"Lao People's Democratic Republic","2012","1.8","8.66","0.498","1.845"
"Lao People's Democratic Republic","2010","","8.572","",""
"Lao People's Democratic Republic","2009","1.97","8.656","0.371",""
"Latvia","2018","33.015","45.569","7.057","8.556"
"Latvia","2017","31.905","2.045","7.073","9.482"
"Latvia","2016","31.885","2.041","7.147","8.322"
"Latvia","2015","31.656","48.361","7.103","7.879"
"Latvia","2014","31.724","49.525","6.927","7.659"
"Latvia","2013","31.408","50.005","7.134","7.883"
"Latvia","2012","30.913","49.7","6.984","6.776"
"Latvia","2011","30.837","50.683","6.955","6.486"
"Latvia","2010","30.757","51.546","7.023","6.763"
"Latvia","2009","31.485","50.956","7.04","6.35"
"Latvia","2008","32.424","57.862","6.978","6.172"
"Latvia","2007","31.464","57.563","6.656","5.732"
"Lebanon","2018","21.038","16.735","10.206","12.928"
"Lebanon","2017","20.255","16.418","9.865","12.271"
"Lebanon","2016","20.115","15.72","9.822","11.794"
"Lebanon","2015","21.03","15.416","8.461","11.618"
"Lebanon","2014","20.735","16.686","8.735","11.81"
"Lebanon","2013","22.486","15.314","8.913","11.838"
"Lebanon","2011","26.201","","12.036","12.855"
"Lebanon","2010","23.385","17.748","10.892","11.12"
"Lebanon","2009","","17.218","10.314","9.462"
"Lebanon","2007","23.464","14.539","8.81","9.79"
"Lesotho","2018","","32.567","",""
"Lesotho","2010","0.692","6.655","",""
"Liberia","2018","","5.321","",""
"Liberia","2015","0.376","","",""
"Liberia","2010","0.231","4.638","0.059","0.118"
"Liberia","2009","0.24","9.041","0.061","0.123"
"Liberia","2008","0.141","2.711","0.011","0.025"
"Libya","2017","20.905","65.305","8.777","6.012"
"Libya","2015","18.943","","7.77","4.856"
"Libya","2014","20.583","67.928","7.204","6.174"
"Libya","2013","","69.602","",""
"Libya","2009","19.578","70.072","6.182","3.709"
"Libya","2008","18.425","55.276","3.377","3.684"
"Lithuania","2018","63.528","85.046","9.845","10.281"
"Lithuania","2017","45.291","79.795","9.978","9.851"
"Lithuania","2016","44.338","79.665","9.645","11.337"
"Lithuania","2015","42.993","79.034","9.018","10.887"
"Lithuania","2014","42.507","78.048","8.982","10.473"
"Lithuania","2013","42.042","77.191","8.9","10.206"
"Lithuania","2012","41.384","77.44","8.816","10.014"
"Lithuania","2011","40.238","76.905","8.063","9.684"
"Lithuania","2010","39.138","75.94","7.862","9.207"
"Lithuania","2009","38.49","76.324","7.41","8.739"
"Lithuania","2008","38.635","77.229","6.866","8.469"
"Lithuania","2007","38.512","75.944","7.122","8.417"
"Luxembourg","2017","30.073","121.744","9.816","7.028"
"Luxembourg","2016","29.052","121.647","9.494","7.008"
"Luxembourg","2015","29.222","123.346","8.929","7.005"
"Luxembourg","2014","28.891","123.571","8.584","6.889"
"Luxembourg","2013","28.327","123.185","8.478","7.04"
"Luxembourg","2012","28.047","122.886","8.307","7.158"
"Luxembourg","2011","27.614","116.137","8.396","7.202"
"Luxembourg","2010","27.683","113.92","8.309","7.364"
"Luxembourg","2009","27.17","115.005","8.218","7.231"
"Luxembourg","2008","27.359","115.225","8.199","7.087"
"Luxembourg","2007","27.227","112.887","8.128","7.202"
"Madagascar","2018","","2.98","0.473",""
"Madagascar","2017","","1.146","",""
"Madagascar","2016","","0.636","","0.002"
"Madagascar","2014","1.812","","",""
"Madagascar","2013","1.534","2.978","0.048",""
"Madagascar","2012","1.427","2.174","0.081","0.003"
"Madagascar","2011","1.44","2.179","0.083","0.002"
"Madagascar","2010","1.953","2.233","0.092","0.003"
"Madagascar","2009","1.813","2.43","0.087","0.003"
"Madagascar","2008","1.86","2.811","0.105","0.004"
"Madagascar","2007","1.813","2.941","0.1","0.004"
"Malawi","2018","0.358","4.386","0.017","0.056"
"Malawi","2016","0.313","2.988","",""
"Malawi","2013","0.126","2.268","","0.107"
"Malawi","2009","0.188","3.406","",""
"Malawi","2008","0.187","2.838","0.127","0.213"
"Malaysia","2018","","","3.082",""
"Malaysia","2017","","42.229","",""
"Malaysia","2016","","41.958","",""
"Malaysia","2015","15.358","41.829","3.5","3.472"
"Malaysia","2014","","40.069","",""
"Malaysia","2013","","39.058","",""
"Malaysia","2012","13.32","38.141","1.568","3.32"
"Malaysia","2011","12.777","33.875","1.484","3.013"
"Malaysia","2010","11.691","31.976","1.351","2.751"
"Malaysia","2008","9.216","26.747","1.336",""
"Malaysia","2007","","","","1.711"
"Maldives","2018","17.084","64.282","1.997","3.471"
"Maldives","2017","17.486","64.927","1.672","4.795"
"Maldives","2016","","30.515","",""
"Maldives","2015","","65.729","1.363","4.375"
"Maldives","2014","17.701","53.701","",""
"Maldives","2010","14.356","51.08","0.875","6.754"
"Maldives","2009","14.884","52.235","1.273","5.829"
"Maldives","2007","16.468","45.913","","8.502"
"Mali","2018","1.286","4.408","","0.095"
"Mali","2016","1.395","4.131","0.06","0.108"
"Mali","2013","","1.192","",""
"Mali","2012","1.071","3.772","",""
"Mali","2011","1.037","3.677","",""
"Mali","2010","1.021","4.462","0.023","0.09"
"Mali","2009","0.923","4.437","0.027","0.082"
"Mali","2007","0.776","2.111","","0.019"
"Malta","2018","","94.833","",""
"Malta","2015","28.598","83.695","4.751","12.869"
"Malta","2014","26.592","83.752","4.672","11.46"
"Malta","2013","24.595","73.95","4.623","11.007"
"Malta","2012","23.566","70.46","4.505","10.763"
"Malta","2011","22.384","70.649","4.453","8.02"
"Malta","2010","21.53","68.501","4.441","7.265"
"Malta","2009","19.169","65.889","4.349","5.564"
"Malta","2008","33.553","67.961","","13.7"
"Malta","2007","","62.27","","10.836"
"Marshall Islands","2018","","33.39","",""
"Marshall Islands","2012","4.233","32.981","0.705","0.705"
"Marshall Islands","2011","5.841","34.513","",""
"Marshall Islands","2010","5.674","22.518","0.709","0.355"
"Marshall Islands","2007","5.536","33.571","1.071","1.071"
"Mauritania","2018","1.865","9.252","0.211","0.177"
"Mauritania","2017","1.847","10.673","",""
"Mauritania","2015","1.71","10.224","",""
"Mauritania","2014","1.582","9.784","",""
"Mauritania","2010","1.565","8.022","",""
"Mauritania","2009","1.311","6.787","0.206","0.227"
"Mauritius","2018","25.331","","",""
"Mauritius","2017","23.147","35.152","3.171","4.199"
"Mauritius","2016","21.943","32.76","3.051","4.073"
"Mauritius","2015","20.246","33.831","3.017","3.946"
"Mauritius","2014","19.318","32.806","2.911","3.929"
"Mauritius","2013","16.296","31.565","2.796","3.664"
"Mauritius","2012","13.738","29.813","2.401","3.446"
"Mauritius","2011","14.467","29.334","2.142","3.261"
"Mauritius","2010","12.019","28.846","2.083","3.205"
"Mauritius","2009","11.857","28.135","2.01","3.103"
"Mauritius","2008","11.7","27.435","1.896","2.808"
"Mauritius","2007","11.549","26.744","1.848","2.65"
"Mexico","2018","48.496","31.49","",""
"Mexico","2017","47.654","25.078","1.368",""
"Mexico","2016","46.488","25.103","1.362",""
"Mexico","2015","46.493","24.177","1.304",""
"Mexico","2014","44.526","26.798","1.279",""
"Mexico","2013","43.11","28.044","1.22",""
"Mexico","2012","42.236","25.488","1.166",""
"Mexico","2011","42.008","25.093","1.163",""
"Mexico","2010","39.972","24.118","1.159","0.49"
"Mexico","2009","39.581","23.624","1.076",""
"Mexico","2008","38.988","23.066","1.048",""
"Mexico","2007","38.43","22.832","1.003",""
"Micronesia (Federated States of)","2018","","20.426","",""
"Micronesia (Federated States of)","2009","1.942","","",""
"Micronesia (Federated States of)","2008","6.184","","1.353",""
"Monaco","2014","75.067","201.609","10.188","26.273"
"Monaco","2013","77.778","188.076","10.298","12.466"
"Monaco","2012","64.384","180","10.137","26.301"
"Monaco","2011","64.167","169.444","10.556","25.833"
"Mongolia","2018","38.518","42.136","4.082","6.813"
"Mongolia","2017","","41.406","",""
"Mongolia","2016","28.592","40.656","2.339",""
"Mongolia","2015","32.194","40.932","","5.016"
"Mongolia","2014","31.632","40.257","",""
"Mongolia","2013","30.922","38.046","",""
"Mongolia","2012","30.435","37.823","2.818","5.222"
"Mongolia","2011","28.671","36.612","2.353","4.635"
"Mongolia","2010","27.564","36.31","1.96","4.324"
"Mongolia","2009","26.704","36.222","1.975","4.069"
"Mongolia","2008","28.816","36.495","1.949","4.134"
"Montenegro","2018","27.557","52.294","0.462","1.911"
"Montenegro","2015","23.764","53.461","0.399",""
"Montenegro","2014","21.861","54.46","0.399",""
"Montenegro","2013","21.523","53.92","0.399",""
"Montenegro","2012","20.387","49.369","0.399",""
"Montenegro","2011","20.134","51.239","0.384",""
"Montenegro","2010","20.439","52.827","0.416",""
"Montenegro","2009","21.031","55.9","",""
"Montenegro","2008","21.117","55.513","",""
"Montenegro","2007","19.9","54.729","",""
"Morocco","2017","7.308","13.887","1.364","2.598"
"Morocco","2015","","","1.406",""
"Morocco","2014","9.135","9.44","1.361",""
"Morocco","2013","6.32","9.725","",""
"Morocco","2009","6.477","9.298","0.836","2.821"
"Morocco","2007","5.862","","",""
"Mozambique","2018","0.838","6.847","0.086","0.103"
"Mozambique","2017","0.761","6.842","0.072","0.089"
"Mozambique","2016","","6.785","",""
"Mozambique","2015","","4.469","0.07","0.072"
"Mozambique","2014","","4.184","",""
"Mozambique","2013","0.568","5.823","0.053","0.04"
"Mozambique","2012","0.546","4.057","0.028","0.029"
"Mozambique","2011","0.524","3.928","0.031","0.023"
"Mozambique","2010","0.487","4.04","0.025","0.02"
"Mozambique","2009","0.455","3.949","0.023","0.022"
"Mozambique","2008","","3.883","",""
"Mozambique","2007","","3.628","",""
"Myanmar","2018","6.77","9.993","0.652","0.738"
"Myanmar","2017","8.638","","0.806","0.386"
"Myanmar","2016","6.195","10.343","0.662",""
"Myanmar","2015","","","0.621",""
"Myanmar","2012","5.802","9.505","0.586",""
"Myanmar","2011","5.506","9.212","0.543",""
"Myanmar","2010","5.224","8.933","0.506",""
"Myanmar","2009","4.883","8.615","0.459",""
"Myanmar","2008","4.748","8.296","0.462",""
"Myanmar","2007","4.393","8.086","0.376",""
"Namibia","2018","","19.54","0.727","2.443"
"Namibia","2017","5.914","20.199","",""
"Namibia","2016","","20.424","",""
"Namibia","2015","","18.856","",""
"Namibia","2014","","18.527","0.299",""
"Namibia","2013","","18.402","",""
"Namibia","2007","3.857","28.657","0.449","1.191"
"Nauru","2018","","78.505","",""
"Nauru","2015","13.462","67.308","1.923","1.923"
"Nauru","2011","13.861","69.307","0.99","1.98"
"Nauru","2010","11","","",""
"Nauru","2009","10.101","","1.01",""
"Nauru","2008","10.101","69.697","1.01",""
"Nepal","2018","7.486","31.084","0.967","0.925"
"Nepal","2017","9.101","28.479","2.2","0.981"
"Nepal","2014","","21.369","",""
"Nepal","2013","5.64","18.729","",""
"Nepal","2012","5.159","15.98","","0.445"
"Netherlands","2018","37.066","114.851","5.551","2.121"
"Netherlands","2017","36.266","112.466","5.543","2.098"
"Netherlands","2016","35.47","109.279","5.126","2.15"
"Netherlands","2015","34.917","107.489","5.154","2.125"
"Netherlands","2014","34.194","105.295","4.979","2.152"
"Netherlands","2013","33.058","","4.937","2.117"
"Netherlands","2012","32.463","","4.937","2.05"
"Netherlands","2011","31.243","","4.914","2.07"
"Netherlands","2010","29.516","","4.699","1.983"
"Netherlands","2009","29.057","","4.601","1.956"
"Netherlands","2008","28.49","","4.463","1.917"
"Netherlands","2007","27.724","","4.444","1.936"
"New Zealand","2018","34.205","111.421","6.333","7.185"
"New Zealand","2017","33.296","123.207","6.244","6.799"
"New Zealand","2016","31.524","121.28","6.179","6.756"
"New Zealand","2015","30.302","119.905","6.12","6.664"
"New Zealand","2014","28.604","118.172","6.102","6.546"
"New Zealand","2013","27.817","122.541","6.066","6.489"
"New Zealand","2012","26.783","104.545","5.959","6.403"
"New Zealand","2011","26.329","106.167","5.927","6.384"
"New Zealand","2010","26.114","105.76","5.849","6.293"
"New Zealand","2009","25.689","102.551","4.469","6.157"
"New Zealand","2008","24.531","102.845","4.476","6.077"
"New Zealand","2007","22.927","97.73","4.434","6.825"
"Nicaragua","2018","16.645","","0.399",""
"Nicaragua","2017","9.895","15.524","",""
"Nicaragua","2016","9.537","14.661","",""
"Nicaragua","2015","9.312","13.667","",""
"Nicaragua","2014","8.946","13.549","0.423","1.857"
"Nicaragua","2013","8.981","13.597","0.434",""
"Nicaragua","2012","8.605","13.695","0.441",""
"Nicaragua","2011","8.137","13.657","0.446",""
"Nicaragua","2010","7.278","12.647","0.443",""
"Nicaragua","2009","7.032","13.028","0.461",""
"Nicaragua","2008","6.486","12.916","0.469",""
"Nicaragua","2007","5.265","11.824","0.436",""
"Niger","2018","","2.234","",""
"Niger","2016","0.433","2.695","0.009","0.012"
"Niger","2015","0.472","2.038","0.015","0.025"
"Niger","2014","0.272","3.066","0.011","0.007"
"Niger","2013","0.511","2.229","0.016","0.028"
"Niger","2012","0.535","","","0.03"
"Niger","2009","0.277","2.039","0.011","0.014"
"Niger","2008","0.189","1.387","0.01","0.012"
"Nigeria","2018","3.806","9.258","0.222","1.259"
"Nigeria","2016","4.494","17.551","0.219",""
"Nigeria","2015","","","","1.106"
"Nigeria","2013","3.828","10.258","",""
"Nigeria","2011","","","","0.945"
"Nigeria","2010","","13.568","0.527","0.732"
"Nigeria","2009","3.782","10.768","0.16","0.93"
"Nigeria","2008","3.762","14.969","0.171","0.878"
"Nigeria","2007","3.784","14.993","0.176","0.902"
"Niue","2018","","125","",""
"Niue","2008","18.75","100","12.5","6.25"
"Norway","2018","47.842","182.079","8.696","8.278"
"Norway","2017","46.415","176.013","8.666","8.007"
"Norway","2016","44.98","174.315","8.621","7.808"
"Norway","2015","43.94","178.622","8.527","7.429"
"Norway","2014","44.249","174.255","8.654","7.215"
"Norway","2013","43.063","172.115","8.729","6.902"
"Norway","2012","42.36","170.854","8.656","6.716"
"Norway","2011","41.921","169.533","8.852","6.459"
"Norway","2010","41.167","166.659","8.787","6.386"
"Norway","2009","40.495","164.531","8.685","6.248"
"Norway","2008","40.008","144.993","8.778","7.502"
"Norway","2007","38.895","144.027","8.692","7.088"
"Oman","2018","20.031","41.965","2.975","5.574"
"Oman","2017","19.572","42.731","2.893","5.24"
"Oman","2016","19.249","44.115","2.755","5.403"
"Oman","2015","20.889","45.3","2.693","4.994"
"Oman","2014","21.481","46.669","2.558","4.899"
"Oman","2013","20.381","44.969","2.329","4.76"
"Oman","2012","20.169","44.674","2.301","4.737"
"Oman","2011","19.464","43.794","2.233","4.177"
"Oman","2010","19.274","42.3","2.15","4.113"
"Oman","2009","19.341","42.076","2.166","3.779"
"Oman","2008","18.88","40.832","2.025","3.457"
"Oman","2007","18.471","39.116","1.972","3.447"
"Pakistan","2018","9.801","9.572","0.964","1.576"
"Pakistan","2017","10.005","5.986","0.984","1.609"
"Pakistan","2016","9.62","4.873","0.9",""
"Pakistan","2015","9.262","4.752","0.835",""
"Pakistan","2014","8.972","4.622","0.773",""
"Pakistan","2013","8.771","5.279","0.717",""
"Pakistan","2012","8.59","4.385","0.678","1.33"
"Pakistan","2011","8.311","4.237","0.635",""
"Pakistan","2010","8.076","5.595","0.586",""
"Pakistan","2009","7.951","5.443","0.56",""
"Pakistan","2008","7.806","5.297","0.525",""
"Pakistan","2007","7.619","","",""
"Palau","2018","","72.626","",""
"Palau","2014","14.205","63.068","",""
"Palau","2010","16.111","66.111","","1.111"
"Palau","2009","15.847","61.202","",""
"Palau","2007","","","2.604","0.521"
"Panama","2018","16.055","30.741","2.95","2.085"
"Panama","2017","15.859","30.866","3.034","2.082"
"Panama","2016","15.699","29.863","2.769","1.964"
"Panama","2015","15.759","27.62","2.989","1.769"
"Panama","2014","","29.495","",""
"Panama","2013","15.821","29.306","2.704",""
"Panama","2012","15.979","","3.267",""
"Panama","2011","14.976","23.146","3.006",""
"Panama","2010","14.058","24.765","2.995",""
"Panama","2009","13.092","","2.883",""
"Panama","2008","13.808","","2.816",""
"Panama","2007","13.032","","2.733",""
"Papua New Guinea","2018","0.699","5.43","0.165","0.134"
"Papua New Guinea","2017","","","","0.673"
"Papua New Guinea","2012","","","","0.464"
"Papua New Guinea","2010","0.514","4.983","",""
"Papua New Guinea","2009","","","0.169",""
"Papua New Guinea","2008","0.477","4.077","",""
"Paraguay","2018","13.544","16.604","1.623","0.318"
"Paraguay","2017","","7.387","",""
"Paraguay","2016","","7.038","",""
"Paraguay","2015","","6.666","",""
"Paraguay","2014","","6.143","",""
"Paraguay","2013","","5.654","",""
"Paraguay","2012","12.774","10.417","1.641",""
"Peru","2018","8.2","29.772","1.5",""
"Peru","2017","","22.13","",""
"Peru","2016","13.048","21.761","1.849",""
"Peru","2015","","20.661","",""
"Peru","2014","","20.824","",""
"Peru","2013","","22.121","",""
"Peru","2012","11.411","15.259","1.515","0.518"
"Peru","2009","9.472","13.084","1.24","0.633"
"Peru","2007","16.648","35.87","5.407","2.88"
"Philippines","2018","","49.351","",""
"Philippines","2017","6.004","52.744","2.429","3.306"
"Philippines","2016","","","0.019",""
"Philippines","2015","","","0.021",""
"Philippines","2011","","","","6.173"
"Philippines","2010","12.717","","",""
"Philippines","2009","12.632","56.47","",""
"Philippines","2008","12.558","51.221","0.208",""
"Philippines","2007","12.441","46.536","",""
"Poland","2018","","68.926","",""
"Poland","2017","23.788","57.029","3.512","7.728"
"Poland","2016","24.146","57.575","3.503","7.704"
"Poland","2015","23.252","57.802","3.314","7.394"
"Poland","2014","23.02","58.168","3.436","7.284"
"Poland","2013","22.34","58.551","3.229","7.193"
"Poland","2012","22.242","74.643","3.268","7.022"
"Poland","2011","21.997","58.392","3.404","6.867"
"Poland","2010","21.707","58.28","3.274","6.575"
"Poland","2009","21.593","58.059","3.173","6.32"
"Poland","2008","21.482","57.402","3.399","6.143"
"Poland","2007","21.776","57.181","3.481","6.027"
"Portugal","2018","53.117","68.987","9.586","9.119"
"Portugal","2017","51.24","69.571","10.12","9.078"
"Portugal","2016","49.397","131.305","9.564","8.511"
"Portugal","2015","47.487","65.324","9.132","8.402"
"Portugal","2014","45.567","63.677","8.759","8.043"
"Portugal","2013","43.932","62.837","8.467","7.704"
"Portugal","2012","42.361","62.134","8.042","7.357"
"Portugal","2011","41.178","61.004","7.671","7.503"
"Portugal","2010","39.756","58.921","7.649","7.242"
"Portugal","2009","38.479","56.206","6.229","7.042"
"Portugal","2008","37.405","53.523","5.694","6.542"
"Portugal","2007","36.483","51.147","5.324","5.949"
"Qatar","2018","24.852","71.97","6.259","8.894"
"Qatar","2017","","60.429","",""
"Qatar","2016","26.944","49.548","8.119","10.387"
"Qatar","2014","17.351","55.998","6.758","8.686"
"Qatar","2010","37.273","57.184","",""
"Qatar","2009","30.975","45.894","",""
"Qatar","2008","32.087","58.662","",""
"Republic of Korea","2018","24.082","74.625","5.04","7.394"
"Republic of Korea","2017","23.608","71.482","4.951","7.237"
"Republic of Korea","2016","23.037","70.232","4.737","6.658"
"Republic of Korea","2015","22.494","59.843","4.632","6.534"
"Republic of Korea","2014","22.07","56.097","4.535","6.451"
"Republic of Korea","2013","21.632","52.258","4.466","6.463"
"Republic of Korea","2012","20.798","48.621","4.372","6.504"
"Republic of Korea","2011","20.361","47.459","4.3","6.757"
"Republic of Korea","2010","19.839","46.385","4.226","6.489"
"Republic of Korea","2009","19.185","44.777","4.137","6.483"
"Republic of Korea","2008","18.407","43.392","4.016","6.432"
"Republic of Korea","2007","17.225","41.363","3.894","6.376"
"Republic of Moldova","2017","32.066","49.235","4.215","4.05"
"Republic of Moldova","2015","24.836","50.036","4.368",""
"Republic of Moldova","2014","24.746","53.11","4.299",""
"Republic of Moldova","2013","25.028","54.872","4.297","4.665"
"Republic of Moldova","2012","24.135","56.055","4.097",""
"Republic of Moldova","2011","24.142","56.445","4.099","4.594"
"Republic of Moldova","2010","23.808","56.482","4.016","4.354"
"Republic of Moldova","2009","23.912","56.259","3.888","4.325"
"Republic of Moldova","2008","23.545","56.211","3.859","4.325"
"Republic of Moldova","2007","23.871","56.468","3.717","4.034"
"North Macedonia","2015","28.736","37.917","8.772",""
"North Macedonia","2013","27.956","36.544","8.213",""
"North Macedonia","2012","27.744","35.776","7.964",""
"North Macedonia","2011","27.257","36.13","7.826",""
"North Macedonia","2010","26.759","36.041","7.722",""
"North Macedonia","2009","25.926","35.06","6.887",""
"North Macedonia","2008","25.947","34.02","",""
"North Macedonia","2007","24.46","31.64","",""
"Romania","2017","29.807","73.891","7.964","9.073"
"Romania","2016","22.565","60.922","8.065","9.287"
"Romania","2013","26.24","61.353","7.077","8.062"
"Romania","2012","25.887","59.367","6.812","7.593"
"Romania","2011","25.153","58.087","6.552","7.125"
"Romania","2010","24.804","57.113","6.33","6.611"
"Romania","2009","24.414","61.269","6.032","5.763"
"Romania","2008","24.133","59.526","5.691","5.562"
"Romania","2007","22.915","60.275","5.52","5.224"
"Russian Federation","2018","44.395","","",""
"Russian Federation","2017","43.921","","",""
"Russian Federation","2016","42.82","","",""
"Russian Federation","2015","42.474","","",""
"Russian Federation","2014","44.454","45.333","2.842","0.492"
"Russian Federation","2013","42.936","42.551","2.892","0.531"
"Russian Federation","2012","43.26","41.443","2.933","0.527"
"Russian Federation","2011","64.52","","2.921","0.569"
"Russian Federation","2010","71.992","","2.891","0.582"
"Russian Federation","2009","73.552","","2.865","0.645"
"Russian Federation","2008","72.943","","2.895","0.636"
"Russian Federation","2007","73.211","","2.888","0.622"
"Rwanda","2018","1.34","12.044","0.185","0.72"
"Rwanda","2017","1.376","1.79","0.197","0.734"
"Rwanda","2016","1.226","10.585","",""
"Rwanda","2015","1.129","9.882","0.112","0.1"
"Rwanda","2014","0.909","9.308","",""
"Rwanda","2013","1.021","0.575","",""
"Rwanda","2011","0.129","6.58","",""
"Rwanda","2009","","6.786","0.074","0.037"
"Rwanda","2008","","6.88","0.066","0.029"
"Saint Kitts and Nevis","2018","27.672","","2.29",""
"Saint Kitts and Nevis","2015","26.758","42.188","3.906",""
"Saint Lucia","2017","6.409","31.547","1.713","4.365"
"Saint Lucia","2014","18.564","","2.187",""
"Saint Lucia","2013","24.394","","3.042",""
"Saint Lucia","2012","21.392","","2.773",""
"Saint Lucia","2011","18.063","","2.393",""
"Saint Lucia","2010","16.485","","1.608",""
"Saint Lucia","2009","1.045","","0.29",""
"Saint Lucia","2008","1.588","","0.118",""
"Saint Lucia","2007","1.85","","0.179",""
"Saint Vincent and the Grenadines","2018","","70.145","",""
"Saint Vincent and the Grenadines","2017","","63.115","",""
"Saint Vincent and the Grenadines","2016","","84.11","",""
"Saint Vincent and the Grenadines","2015","","95.05","",""
"Saint Vincent and the Grenadines","2014","","90.358","",""
"Saint Vincent and the Grenadines","2013","","90.239","",""
"Saint Vincent and the Grenadines","2012","9.41","","1.661",""
"Saint Vincent and the Grenadines","2010","6.648","26.039","",""
"Samoa","2018","","24.885","",""
"Samoa","2016","3.445","","1.491",""
"Samoa","2014","","18.574","",""
"Samoa","2013","4.824","","0.629","0.734"
"Samoa","2012","","17.874","",""
"Samoa","2010","3.443","15.385","2.421",""
"Samoa","2008","4.637","18.985","0.927","0.873"
"San Marino","2018","","","17.751",""
"San Marino","2014","61.094","82.067","6.687","6.687"
"San Marino","2013","50.307","87.117","","7.055"
"San Marino","2012","51.09","88.474","","7.165"
"San Marino","2011","48.896","166.562","","7.256"
"Sao Tome and Principe","2018","","19.242","",""
"Sao Tome and Principe","2015","3.159","22.166","",""
"Saudi Arabia","2018","26.117","54.763","4.971","8.642"
"Saudi Arabia","2017","25.366","43.99","4.21","7.589"
"Saudi Arabia","2016","23.776","56.705","4.377","7.859"
"Saudi Arabia","2014","25.654","52.014","3.979","6.999"
"Saudi Arabia","2012","24.53","47.917","","5.347"
"Saudi Arabia","2011","24.607","47.628","","5.419"
"Saudi Arabia","2010","24.074","47.332","","5.444"
"Saudi Arabia","2009","20.76","41.629","","5.611"
"Saudi Arabia","2008","20.626","39.129","","6.127"
"Senegal","2017","0.691","3.127","0.078","0.11"
"Senegal","2016","0.77","2.996","0.081","0.113"
"Senegal","2015","2.074","1.919","","0.098"
"Senegal","2013","3.179","2.863","0.039",""
"Senegal","2008","0.617","4.377","0.087","0.089"
"Serbia","2016","31.131","60.855","","8.107"
"Serbia","2015","24.603","76.174","2.142",""
"Serbia","2014","24.611","73.024","2.596",""
"Serbia","2013","24.945","71.633","2.685",""
"Serbia","2012","24.961","70.457","2.749",""
"Serbia","2011","25.003","74.011","2.845",""
"Serbia","2010","24.82","8.807","2.814",""
"Serbia","2009","24.467","8.723","2.519",""
"Serbia","2008","24.215","8.794","",""
"Serbia","2007","23.447","8.64","",""
"Seychelles","2018","24.717","98.455","",""
"Seychelles","2016","21.212","80.773","3.553","4.702"
"Seychelles","2012","10.043","45.248","1.512","0.432"
"Seychelles","2011","11.643","","1.959","0.544"
"Seychelles","2010","10.953","45.126","2.081","0.438"
"Seychelles","2009","11.344","","1.762","0.441"
"Seychelles","2008","7.735","44.972","1.326","0.442"
"Seychelles","2007","10.1","45.616","1.776","0.444"
"Sierra Leone","2018","0.74","7.525","0.02",""
"Sierra Leone","2017","","7.986","",""
"Sierra Leone","2016","","7.468","0.072","0.112"
"Sierra Leone","2015","","8.189","",""
"Sierra Leone","2014","","9.538","",""
"Sierra Leone","2013","","12.082","",""
"Sierra Leone","2011","0.251","2.669","","0.3"
"Sierra Leone","2010","0.212","1.437","0.009","0.051"
"Sierra Leone","2008","0.155","1.435","0.01","0.028"
"Singapore","2018","","","4.104",""
"Singapore","2017","","62.432","",""
"Singapore","2016","22.936","61.678","3.888","5.085"
"Singapore","2015","","60.092","",""
"Singapore","2014","20.125","57.453","",""
"Singapore","2013","18.958","55.727","3.308","4.008"
"Singapore","2012","17.964","54.778","2.928","3.691"
"Singapore","2011","17.232","51.218","2.808","3.824"
"Singapore","2010","17.187","57.18","3.056","3.535"
"Singapore","2009","16.758","53.944","2.946","3.338"
"Singapore","2008","16.418","50.691","2.961","3.237"
"Singapore","2007","16.127","48.775","2.957","3.239"
"Slovakia","2018","35.17","60.156","5.096","7.985"
"Slovakia","2017","34.156","59.597","4.998","7.788"
"Slovakia","2016","34.664","60.671","4.963","7.687"
"Slovakia","2015","34.438","60.093","4.87",""
"Slovakia","2014","34.214","60.715","4.867","6.712"
"Slovakia","2013","33.855","60.688","4.77",""
"Slovakia","2012","33.598","61.392","4.922","6.504"
"Slovakia","2011","32.999","62.638","4.84","6.253"
"Slovakia","2010","33.51","64.058","4.928","6.045"
"Slovakia","2009","32.953","63.833","4.875",""
"Slovakia","2008","33.561","65.82","5.084","5.143"
"Slovakia","2007","33.747","66.125","5.301","6.003"
"Slovenia","2018","31.721","102.248","7.181","7.056"
"Slovenia","2017","30.861","99.745","7.007","6.848"
"Slovenia","2016","30.007","96.972","6.851","6.537"
"Slovenia","2015","28.148","149.928","6.721","6.252"
"Slovenia","2014","27.628","147.125","6.602","6.017"
"Slovenia","2013","26.252","143.439","6.481","5.763"
"Slovenia","2012","25.406","141.671","6.298","5.632"
"Slovenia","2011","24.965","145.376","6.24","5.514"
"Slovenia","2010","24.367","143.425","6.162","5.393"
"Slovenia","2009","24.167","141.012","6.077","5.241"
"Slovenia","2008","23.994","138.482","6.011","4.805"
"Slovenia","2007","23.925","136.499","6.133","4.846"
"Solomon Islands","2018","","21.642","",""
"Solomon Islands","2016","1.937","","0.468","1.195"
"Solomon Islands","2013","1.873","19.937","0.473","1.313"
"Solomon Islands","2012","1.546","17.371","0.396","1.097"
"Solomon Islands","2011","2.013","17.858","0.665","0.813"
"Solomon Islands","2009","","20.963","",""
"Solomon Islands","2008","1.768","","",""
"Somalia","2014","0.23","1.119","",""
"South Africa","2018","7.874","","1.113",""
"South Africa","2017","7.833","13.078","1.108",""
"South Africa","2016","7.675","13.315","1.096","2.716"
"South Africa","2015","7.814","12.693","1.081","2.85"
"South Africa","2014","7.541","12.264","1.066","2.749"
"South Africa","2013","7.422","11.881","1.075",""
"South Africa","2012","7.277","","1.051","2.582"
"South Africa","2011","7.227","","1.036","2.464"
"South Africa","2010","7.207","","1.034",""
"South Africa","2009","7.074","","",""
"South Africa","2008","6.968","","",""
"South Africa","2007","6.988","","",""
"South Sudan","2018","","","0.003",""
"Spain","2018","40.299","60.795","8.093","11.915"
"Spain","2017","38.723","59.227","7.865","11.548"
"Spain","2016","38.112","56.851","7.659","12.044"
"Spain","2015","38.267","54.44","7.422","11.87"
"Spain","2014","37.767","51.164","7.116","11.665"
"Spain","2013","37.857","51.09","6.913","11.101"
"Spain","2012","37.999","53.802","6.627","10.454"
"Spain","2011","38.074","53.453","6.174","9.295"
"Spain","2010","37.296","52.726","5.929","9.162"
"Spain","2009","35.807","50.888","5.737","9.338"
"Spain","2008","35.36","49.669","5.578","9.92"
"Spain","2007","35.447","47.398","5.396","9.48"
"Sri Lanka","2018","10.041","21.803","0.65","0.824"
"Sri Lanka","2017","9.277","19.966","0.697","0.77"
"Sri Lanka","2016","8.925","19.477","0.686","0.735"
"Sri Lanka","2015","8.624","19.606","0.65","0.719"
"Sri Lanka","2014","8.364","19.132","0.654","0.707"
"Sri Lanka","2013","7.983","18.401","0.619","0.652"
"Sri Lanka","2012","7.645","18.325","0.596","0.665"
"Sri Lanka","2011","7.391","18.234","0.562","0.655"
"Sri Lanka","2010","7.239","17.455","0.516",""
"Sri Lanka","2009","6.826","15.552","0.426",""
"Sri Lanka","2008","6.244","15.044","0.658",""
"Sri Lanka","2007","5.555","20.501","0.662","0.447"
"Sudan","2018","","11.455","",""
"Sudan","2017","2.618","3.954","","0.252"
"Sudan","2015","4.073","8.245","2.086","4.371"
"Sudan","2014","","11.992","",""
"Sudan","2008","3.271","9.812","0.234","0.117"
"Sudan","2007","3.503","10.043","0.233","0.116"
"Suriname","2018","8.194","27.569","0.694",""
"Suriname","2017","11.849","19.281","",""
"Suriname","2016","11.312","19.543","",""
"Suriname","2015","10.463","20.873","",""
"Suriname","2014","","20.351","",""
"Suriname","2013","","22.967","",""
"Suriname","2009","7.054","30.625","0.478","0.593"
"Sweden","2018","","216.694","17.857","15.685"
"Sweden","2017","43.31","125.813","8.251","7.763"
"Sweden","2016","42.693","117.622","8.215","7.739"
"Sweden","2015","41.884","117.297","8.194","7.687"
"Sweden","2014","41.105","116.824","8.151","7.606"
"Sweden","2013","40.359","116.651","8.152","7.557"
"Sweden","2012","39.579","116.336","8.183","7.671"
"Sweden","2011","38.813","115.933","8.165","7.69"
"Sweden","2010","38.027","115.708","8.099","7.603"
"Sweden","2009","37.438","114.89","8.074","7.524"
"Sweden","2008","36.749","114.697","8.134","7.734"
"Sweden","2007","36.204","114.345","8.278","7.802"
"Switzerland","2018","43.328","178.949","5.087","6.904"
"Switzerland","2017","42.957","175.357","5.157","6.964"
"Switzerland","2016","42.473","173.278","5.032","6.997"
"Switzerland","2015","41.898","221.898","5.062","6.435"
"Switzerland","2014","41.171","214.844","5.094","6.449"
"Switzerland","2013","40.303","210.636","5.189","6.441"
"Switzerland","2012","39.102","206.223","5.221","6.648"
"Switzerland","2011","38.355","199.989","5.214","6.65"
"Switzerland","2010","38.166","192.04","5.262","6.369"
"Switzerland","2009","38.476","179.576","5.224","6.373"
"Switzerland","2008","38.298","175.731","5.23","6.321"
"Switzerland","2007","43.232","171.303","5.216","6.225"
"Syrian Arab Republic","2016","12.874","15.406","7.175","10.658"
"Syrian Arab Republic","2014","15.513","23.094","8.864","14.812"
"Syrian Arab Republic","2010","14.602","18.749","7.482","7.749"
"Syrian Arab Republic","2009","14.113","18.429","7.45","8.093"
"Syrian Arab Republic","2008","14.858","18.423","7.825","8.023"
"Syrian Arab Republic","2007","14.882","18.904","7.441","6.536"
"Tajikistan","2014","17.229","47.534","1.562",""
"Tajikistan","2013","17.095","50.15","1.613",""
"Tajikistan","2012","17.269","43.959","1.543",""
"Tajikistan","2011","17.209","40.568","1.588",""
"Tajikistan","2010","16.975","39.512","1.639",""
"Tajikistan","2009","16.439","35.968","1.532",""
"Tajikistan","2008","19.292","35.568","1.481",""
"Tajikistan","2007","18.962","35.224","1.465",""
"Thailand","2018","8.05","27.593","2.319","5.531"
"Thailand","2017","8.075","29.573","1.672","4.175"
"Thailand","2016","4.45","27.724","1.618","5.186"
"Thailand","2015","4.651","23.683","","1.78"
"Thailand","2010","3.906","20.643","1.763","1.295"
"Thailand","2009","3.387","16.42","1.484","1.255"
"Thailand","2008","3.164","15.842","1.45","1.287"
"Thailand","2007","2.959","15.283","1.411","1.2"
"Timor-Leste","2018","7.224","16.68","0.063","1.893"
"Timor-Leste","2017","7.504","17.413","","2.043"
"Timor-Leste","2015","6.946","14.821","0.15","0.084"
"Timor-Leste","2014","6.821","14.025","0.153","0.068"
"Timor-Leste","2013","6.174","9.122","",""
"Timor-Leste","2011","","11.525","0.063","0.135"
"Timor-Leste","2010","","11.477","0.064","0.137"
"Timor-Leste","2009","","11.319","0.056","0.074"
"Timor-Leste","2008","","10.451","0.019","0.038"
"Timor-Leste","2007","","10.199","","0.039"
"Togo","2018","0.774","4.102","0.027","0.27"
"Togo","2017","0.757","4.201","","0.283"
"Togo","2016","","3.169","",""
"Togo","2015","0.493","3.018","0.025",""
"Togo","2010","0.506","","",""
"Togo","2008","0.574","2.985","0.025",""
"Togo","2007","0.49","4.175","0.025",""
"Tonga","2018","","41.57","",""
"Tonga","2013","5.403","40.079","1.179","0.393"
"Tonga","2012","","","","0.876"
"Tonga","2010","5.577","38.462","0.962","0.385"
"Tonga","2009","5.967","36.381","1.059","0.385"
"Tonga","2008","5.513","35.203","",""
"Trinidad and Tobago","2018","54.073","41.416","3.396","6.641"
"Trinidad and Tobago","2017","33.646","56.781","3.569","6.705"
"Trinidad and Tobago","2016","","42.639","","5.009"
"Trinidad and Tobago","2015","26.498","34.832","3.569",""
"Trinidad and Tobago","2011","18.193","32.772","2.567","4.865"
"Trinidad and Tobago","2010","18.086","29.403","2.583","4.826"
"Trinidad and Tobago","2009","15.081","34.719","2.362","4.815"
"Trinidad and Tobago","2007","11.792","35.743","2.247","4.899"
"Tunisia","2017","13.025","25.136","","2.287"
"Tunisia","2016","12.834","26.583","3.059","2.294"
"Tunisia","2015","13.108","26.7","3.125","2.318"
"Tunisia","2014","12.769","26.511","",""
"Tunisia","2010","12.22","22.412","2.943","3.043"
"Tunisia","2009","","21.528","",""
"Tunisia","2008","11.074","21.757","",""
"Tunisia","2007","10.242","","",""
"Turkey","2018","18.065","30.027","3.718","3.89"
"Turkey","2017","18.492","27.107","3.438","3.515"
"Turkey","2016","18.142","25.731","3.341","3.491"
"Turkey","2015","17.988","26.218","3.162","3.506"
"Turkey","2014","17.56","25.284","2.978","3.522"
"Turkey","2013","17.619","25.416","2.936","3.558"
"Turkey","2012","17.384","25.234","2.867","3.559"
"Turkey","2011","17.16","24.085","2.873","3.552"
"Turkey","2010","17.068","22.829","2.963","3.665"
"Turkey","2009","16.635","21.667","2.887","3.533"
"Turkey","2008","16.068","20.958","2.834","3.519"
"Turkey","2007","15.579","20.384","2.771","3.446"
"Turkmenistan","2014","22.247","44.273","1.154","1.694"
"Turkmenistan","2013","22.125","44.453","1.137","1.688"
"Turkmenistan","2012","22.375","44.963","1.166","1.688"
"Turkmenistan","2011","22.841","45.136","1.167","1.714"
"Turkmenistan","2010","22.743","45.135","1.152","1.824"
"Turkmenistan","2009","22.911","45.03","1.402","1.903"
"Turkmenistan","2008","23.026","45.411","1.41","1.967"
"Turkmenistan","2007","23.414","46.034","1.439","1.992"
"Tuvalu","2018","","42.609","",""
"Tuvalu","2014","9.091","37.273","4.545","2.727"
"Tuvalu","2009","11.538","","",""
"Tuvalu","2008","9.709","62.136","1.942","0.971"
"Uganda","2018","","12.382","",""
"Uganda","2017","1.68","14.686","",""
"Uganda","2016","","16.401","",""
"Uganda","2015","0.954","15.565","0.072","0.012"
"Uganda","2014","","12.296","",""
"Uganda","2013","","13.209","",""
"Uganda","2012","0.975","11.811","","0.159"
"Ukraine","2014","29.923","66.61","5.975","0.337"
"Ukraine","2013","34.965","75.702","6.831","0.413"
"Ukraine","2012","34.91","75.132","6.751","0.394"
"Ukraine","2011","34.842","74.711","6.632","0.384"
"Ukraine","2010","34.83","74.719","6.583","0.397"
"Ukraine","2009","34.904","75.44","6.459","0.379"
"Ukraine","2008","31.177","66.081","4.604","0.255"
"Ukraine","2007","30.885","66.468","4.605","0.248"
"United Arab Emirates","2018","25.278","57.271","6.513","8.793"
"United Arab Emirates","2017","24.356","56.829","5.914","8.359"
"United Arab Emirates","2016","23.71","55.311","5.518","7.34"
"United Arab Emirates","2015","22.111","49.828","5.307","5.665"
"United Arab Emirates","2014","19.953","39.589","4.351","6.086"
"United Arab Emirates","2013","17.413","33.402","3.458","4.111"
"United Arab Emirates","2012","14.767","30.099","3.438","1.93"
"United Arab Emirates","2011","14.369","28.558","3.353","0.559"
"United Arab Emirates","2010","14.195","26.529","3.604","1.787"
"United Arab Emirates","2009","15.177","29.243","3.63","6.545"
"United Arab Emirates","2008","16.405","28.181","2.996","4.374"
"United Arab Emirates","2007","14.053","29.802","3.111","5.466"
"United Kingdom of Great Britain and Northern Ireland","2018","56.162","81.723","5.213","8.892"
"United Kingdom of Great Britain and Northern Ireland","2017","55.691","82.245","5.209","8.741"
"United Kingdom of Great Britain and Northern Ireland","2016","55.095","82.751","5.259","8.528"
"United Kingdom of Great Britain and Northern Ireland","2015","54.864","97.357","5.257","8.257"
"United Kingdom of Great Britain and Northern Ireland","2014","54.258","97.76","5.25","8.141"
"United Kingdom of Great Britain and Northern Ireland","2013","53.546","97.978","5.182","7.897"
"United Kingdom of Great Britain and Northern Ireland","2012","53.284","98.189","5.156","7.707"
"United Kingdom of Great Britain and Northern Ireland","2011","53.144","101.724","5.189","7.504"
"United Kingdom of Great Britain and Northern Ireland","2010","52.462","104.991","5.09","6.404"
"United Kingdom of Great Britain and Northern Ireland","2009","52.479","106.783","4.997","6.31"
"United Kingdom of Great Britain and Northern Ireland","2008","51.063","109.344","4.927","6.262"
"United Kingdom of Great Britain and Northern Ireland","2007","49.607","110.266","4.792","6.205"
"United Republic of Tanzania","2018","","","0.075",""
"United Republic of Tanzania","2017","","5.843","",""
"United Republic of Tanzania","2014","0.603","4.314","0.021","0.142"
"United Republic of Tanzania","2012","0.315","4.421","0.021","0.072"
"United States of America","2018","26.036","156.85","6.1",""
"United States of America","2017","","145.812","",""
"United States of America","2010","","125.927","5.778","9.249"
"Uruguay","2018","","99.913","",""
"Uruguay","2017","49.398","","14.5",""
"Uruguay","2016","39.558","","12.193",""
"Uruguay","2008","39.51","58.664","7.413",""
"Uzbekistan","2014","23.742","112.804","1.486","0.409"
"Uzbekistan","2013","24.044","113.259","1.587","0.377"
"Uzbekistan","2012","24.451","113.964","1.602","0.38"
"Uzbekistan","2011","25.036","114.244","1.678","0.373"
"Uzbekistan","2010","25.432","113.794","1.646","0.377"
"Uzbekistan","2009","25.706","111.73","1.592","0.353"
"Uzbekistan","2008","26.048","111.342","1.634","0.342"
"Uzbekistan","2007","26.329","108.724","1.745","0.33"
"Vanuatu","2018","","14.247","",""
"Vanuatu","2016","1.653","","",""
"Vanuatu","2012","1.844","18.397","0.681","1.162"
"Vanuatu","2008","1.157","16.911","0.134","0.089"
"Vanuatu","2007","1.185","15.672","",""
"Venezuela (Bolivarian Republic of)","2018","","20.663","",""
"Venezuela (Bolivarian Republic of)","2017","17.3","20.1","1.4",""
"Viet Nam","2016","8.281","14.463","","3.387"
"Viet Nam","2015","7.963","14.228","","3.403"
"Viet Nam","2014","7.83","14.299","","3.395"
"Viet Nam","2013","","2.867","",""
"Viet Nam","2012","8.209","14.524","","4.53"
"Viet Nam","2010","7.1","12.327","","2.671"
"Viet Nam","2009","6.982","11.081","","2.478"
"Viet Nam","2008","6.648","10.207","","2.29"
"Viet Nam","2007","6.415","9.5","","2.115"
"Yemen","2018","","7.852","",""
"Yemen","2017","","7.682","",""
"Yemen","2016","","7.485","",""
"Yemen","2015","","7.242","",""
"Yemen","2014","5.251","8.789","0.21","1.052"
"Yemen","2013","","8.649","",""
"Yemen","2010","","7.165","0.247","0.436"
"Yemen","2009","3.165","","",""
"Yemen","2008","3.156","","",""
"Zambia","2018","","10.227","0.084","0.444"
"Zambia","2017","","9.31","",""
"Zambia","2016","0.925","","0.191","0.708"
"Zambia","2012","","","0.053","0.283"
"Zambia","2011","","","0.052","0.257"
"Zambia","2010","0.614","7.3","0.181","0.233"
"Zambia","2009","0.606","7.186","0.182","0.232"
"Zambia","2008","0.619","7.076","",""
"Zimbabwe","2018","2.096","19.346","0.072","0.968"
"Zimbabwe","2017","1.859","25.972","0.077","0.191"
"Zimbabwe","2016","1.788","14","0.097","0.156"
"Zimbabwe","2015","1.815","13.825","0.048","0.102"
"Zimbabwe","2014","1.24","15.372","0.079","0.142"
"Zimbabwe","2013","0.834","14.024","0.177","0.295"
"Zimbabwe","2012","0.807","11.846","0.178","0.288"
"Zimbabwe","2011","0.817","13.201","0.198",""
"Zimbabwe","2010","1.272","8.289","0.035","0.043"
"Zimbabwe","2009","1.21","9.491","0.145","0.541"
"Zimbabwe","2008","0.596","","0.146",""
"Zimbabwe","2007","0.544","","0.157",""
